<?xml version="1.0" encoding="UTF-8"?>
<metadata xml:lang="en"><Esri><CreaDate>20201218</CreaDate><CreaTime>15181500</CreaTime><ArcGISFormat>1.0</ArcGISFormat><SyncOnce>TRUE</SyncOnce><DataProperties><lineage><Process ToolSource="c:\program files\arcgis\pro\Resources\ArcToolbox\toolboxes\Conversion Tools.tbx\FeatureClassToFeatureClass" Date="20201218" Time="151726">FeatureClassToFeatureClass counties_50_albers C:\Users\caraw\Documents\SSPHC\R_Projects\ssphc\data\modularized_app\data counties_soil.shp # "STATEFP "STATEFP" true true false 2 Text 0 0,First,#,counties_50_albers,counties_50_albers.STATEFP,0,2;COUNTYFP "COUNTYFP" true true false 3 Text 0 0,First,#,counties_50_albers,counties_50_albers.COUNTYFP,0,3;COUNTYNS "COUNTYNS" true true false 8 Text 0 0,First,#,counties_50_albers,counties_50_albers.COUNTYNS,0,8;AFFGEOID "AFFGEOID" true true false 14 Text 0 0,First,#,counties_50_albers,counties_50_albers.AFFGEOID,0,14;GEOID "GEOID" true true false 5 Text 0 0,First,#,counties_50_albers,counties_50_albers.GEOID,0,5;NAME "NAME" true true false 100 Text 0 0,First,#,counties_50_albers,counties_50_albers.NAME,0,100;LSAD "LSAD" true true false 2 Text 0 0,First,#,counties_50_albers,counties_50_albers.LSAD,0,2;ALAND "ALAND" true true false 14 Double 0 14,First,#,counties_50_albers,counties_50_albers.ALAND,-1,-1;AWATER "AWATER" true true false 14 Double 0 14,First,#,counties_50_albers,counties_50_albers.AWATER,-1,-1;OBJECTID "OBJECTID" false true false 4 Long 0 9,First,#,counties_50_albers,ZonalSt_shp1.OBJECTID,-1,-1;GEOID_1 "GEOID" true true false 5 Text 0 0,First,#,counties_50_albers,ZonalSt_shp1.GEOID,0,5;ZONE_CODE "ZONE_CODE" true true false 4 Long 0 0,First,#,counties_50_albers,ZonalSt_shp1.ZONE_CODE,-1,-1;COUNT "COUNT" true true false 4 Long 0 0,First,#,counties_50_albers,ZonalSt_shp1.COUNT,-1,-1;AREA "AREA" true true false 8 Double 0 0,First,#,counties_50_albers,ZonalSt_shp1.AREA,-1,-1;MIN "MIN" true true false 4 Long 0 0,First,#,counties_50_albers,ZonalSt_shp1.MIN,-1,-1;MAX "MAX" true true false 4 Long 0 0,First,#,counties_50_albers,ZonalSt_shp1.MAX,-1,-1;RANGE "RANGE" true true false 4 Long 0 0,First,#,counties_50_albers,ZonalSt_shp1.RANGE,-1,-1;MEAN "MEAN" true true false 8 Double 0 0,First,#,counties_50_albers,ZonalSt_shp1.MEAN,-1,-1;STD "STD" true true false 8 Double 0 0,First,#,counties_50_albers,ZonalSt_shp1.STD,-1,-1;SUM "SUM" true true false 8 Double 0 0,First,#,counties_50_albers,ZonalSt_shp1.SUM,-1,-1;VARIETY "VARIETY" true true false 4 Long 0 0,First,#,counties_50_albers,ZonalSt_shp1.VARIETY,-1,-1;MAJORITY "MAJORITY" true true false 4 Long 0 0,First,#,counties_50_albers,ZonalSt_shp1.MAJORITY,-1,-1;MINORITY "MINORITY" true true false 4 Long 0 0,First,#,counties_50_albers,ZonalSt_shp1.MINORITY,-1,-1;MEDIAN "MEDIAN" true true false 4 Long 0 0,First,#,counties_50_albers,ZonalSt_shp1.MEDIAN,-1,-1" #</Process></lineage></DataProperties></Esri></metadata>
