"YEAR","CASES","STATEFP","STNAME","POP","RATE"
2000,6,"01","Alabama",4452173,0.134765652637487
2000,2,"02","Alaska",627963,0.318490102123851
2000,2,"04","Arizona",5160586,0.0387552886435765
2000,7,"05","Arkansas",2678588,0.261331716561114
2000,96,"06","California",33987977,0.282452821478607
2000,0,"08","Colorado",4326921,0
2000,3773,"09","Connecticut",3411777,110.587532538029
2000,167,"10","Delaware",786373,21.2367413428487
2000,11,"11","District of Columbia",572046,1.92292228247379
2000,54,"12","Florida",16047515,0.336500698083161
2000,0,"13","Georgia",8227303,0
2000,0,"15","Hawaii",1213519,0
2000,4,"16","Idaho",1299430,0.30782727811425
2000,35,"17","Illinois",12434161,0.281482602646049
2000,23,"18","Indiana",6091866,0.377552625090572
2000,34,"19","Iowa",2929067,1.16077918326894
2000,17,"20","Kansas",2693681,0.631106652940716
2000,13,"21","Kentucky",4049021,0.321065264912185
2000,8,"22","Louisiana",4471885,0.178895476963294
2000,71,"23","Maine",1277072,5.5595925679993
2000,688,"24","Maryland",5311034,12.9541629746675
2000,1158,"25","Massachusetts",6361104,18.204387162983
2000,23,"26","Michigan",9952450,0.231098875151345
2000,465,"27","Minnesota",4933692,9.42499045339677
2000,3,"28","Mississippi",2848353,0.105324024093924
2000,47,"29","Missouri",5607285,0.838195311991454
2000,0,"30","Montana",903773,0
2000,5,"31","Nebraska",1713820,0.291745924309437
2000,4,"32","Nevada",2018741,0.198143298223992
2000,84,"33","New Hampshire",1239882,6.77483825073676
2000,2459,"34","New Jersey",8430621,29.1674836290233
2000,0,"35","New Mexico",1821204,0
2000,4329,"36","New York",19001780,22.7820762054923
2000,47,"37","North Carolina",8081614,0.581566998869285
2000,2,"38","North Dakota",642023,0.311515319544627
2000,61,"39","Ohio",11363543,0.536804410385036
2000,1,"40","Oklahoma",3454365,0.0289488806191587
2000,13,"41","Oregon",3429708,0.379041014570337
2000,2343,"42","Pennsylvania",12284173,19.0733230474693
2000,675,"44","Rhode Island",1050268,64.2693103093686
2000,25,"45","South Carolina",4024223,0.621237938354808
2000,0,"46","South Dakota",755844,0
2000,28,"47","Tennessee",5703719,0.490907774383696
2000,77,"48","Texas",20944499,0.367638299679548
2000,3,"49","Utah",2244502,0.133659938819391
2000,40,"50","Vermont",609618,6.56148604535955
2000,149,"51","Virginia",7105817,2.09687358962382
2000,9,"53","Washington",5910512,0.152271072286123
2000,35,"54","West Virginia",1807021,1.93688949934727
2000,631,"55","Wisconsin",5373999,11.7417215745667
2000,3,"56","Wyoming",494300,0.606918875177018
2001,10,"01","Alabama",4467634,0.223832122326941
2001,2,"02","Alaska",633714,0.315599781604951
2001,3,"04","Arizona",5273477,0.0568884627732329
2001,4,"05","Arkansas",2691571,0.148612093086157
2001,95,"06","California",34479458,0.275526372833355
2001,0,"08","Colorado",4425687,0
2001,3597,"09","Connecticut",3432835,104.782198969656
2001,152,"10","Delaware",795699,19.1027008956905
2001,17,"11","District of Columbia",574504,2.95907426232019
2001,43,"12","Florida",16356966,0.262884938441518
2001,0,"13","Georgia",8377038,0
2001,0,"15","Hawaii",1225948,0
2001,5,"16","Idaho",1319962,0.378798783601346
2001,32,"17","Illinois",12488445,0.256236865358337
2001,26,"18","Indiana",6127760,0.424298601772915
2001,36,"19","Iowa",2931997,1.22783208850487
2001,2,"20","Kansas",2702162,0.0740148074023689
2001,23,"21","Kentucky",4068132,0.565370051905887
2001,8,"22","Louisiana",4477875,0.178656170616643
2001,108,"23","Maine",1285692,8.40014560252378
2001,608,"24","Maryland",5374691,11.3122782314369
2001,1164,"25","Massachusetts",6397634,18.1942261779902
2001,21,"26","Michigan",9991120,0.210186645741418
2001,461,"27","Minnesota",4982796,9.2518337094274
2001,8,"28","Mississippi",2852994,0.280407179265011
2001,37,"29","Missouri",5641142,0.655895561572462
2001,0,"30","Montana",906961,0
2001,4,"31","Nebraska",1719836,0.232580315797553
2001,4,"32","Nevada",2098399,0.190621516689629
2001,129,"33","New Hampshire",1255517,10.2746517968295
2001,2020,"34","New Jersey",8492671,23.7852143336295
2001,1,"35","New Mexico",1831690,0.0545943909722715
2001,4083,"36","New York",19082838,21.396188554344
2001,41,"37","North Carolina",8210122,0.499383565798413
2001,0,"38","North Dakota",639062,0
2001,44,"39","Ohio",11387404,0.386391841371396
2001,0,"40","Oklahoma",3467100,0
2001,15,"41","Oregon",3467937,0.432533809005181
2001,2806,"42","Pennsylvania",12298970,22.8149186476591
2001,510,"44","Rhode Island",1057142,48.2432823594181
2001,6,"45","South Carolina",4064995,0.147601657566614
2001,0,"46","South Dakota",757972,0
2001,31,"47","Tennessee",5750789,0.53905646686046
2001,75,"48","Texas",21319622,0.351788601129983
2001,1,"49","Utah",2283715,0.0437883010796006
2001,18,"50","Vermont",612223,2.94010515776114
2001,156,"51","Virginia",7198362,2.16715969549739
2001,9,"53","Washington",5985722,0.15035780144818
2001,16,"54","West Virginia",1801481,0.888158132114632
2001,597,"55","Wisconsin",5406835,11.0415797781882
2001,1,"56","Wyoming",494657,0.202160284803409
2002,11,"01","Alabama",4480089,0.245530836552577
2002,3,"02","Alaska",642337,0.467044557607611
2002,4,"04","Arizona",5396255,0.0741254814681663
2002,3,"05","Arkansas",2705927,0.110867735899749
2002,97,"06","California",34871843,0.278161380802271
2002,1,"08","Colorado",4490406,0.0222697012252344
2002,4631,"09","Connecticut",3458749,133.892340843467
2002,194,"10","Delaware",806169,24.0644331399496
2002,25,"11","District of Columbia",573158,4.36179901528025
2002,79,"12","Florida",16689370,0.473355195552618
2002,2,"13","Georgia",8508256,0.0235065799618629
2002,0,"15","Hawaii",1239613,0
2002,4,"16","Idaho",1340372,0.298424616449762
2002,47,"17","Illinois",12525556,0.375232843955191
2002,21,"18","Indiana",6155967,0.341132432971132
2002,42,"19","Iowa",2934234,1.43137868349968
2002,7,"20","Kansas",2713535,0.257966084830304
2002,25,"21","Kentucky",4089875,0.611265625477551
2002,5,"22","Louisiana",4497267,0.111178633601252
2002,219,"23","Maine",1295960,16.8986697120281
2002,738,"24","Maryland",5440389,13.5652064585823
2002,1807,"25","Massachusetts",6417206,28.1586721697885
2002,26,"26","Michigan",10015710,0.259592180684145
2002,867,"27","Minnesota",5018935,17.2745811611428
2002,12,"28","Mississippi",2858681,0.419774014659208
2002,41,"29","Missouri",5674825,0.722489239756292
2002,0,"30","Montana",911667,0
2002,6,"31","Nebraska",1728292,0.347163558009873
2002,2,"32","Nevada",2173791,0.0920051651699726
2002,261,"33","New Hampshire",1269089,20.5659335160891
2002,2349,"34","New Jersey",8552643,27.4651940926331
2002,1,"35","New Mexico",1855309,0.0538993774082916
2002,5535,"36","New York",19137800,28.9218196448913
2002,137,"37","North Carolina",8326201,1.64540827203187
2002,1,"38","North Dakota",638168,0.156698549598225
2002,82,"39","Ohio",11407889,0.718800822834093
2002,0,"40","Oklahoma",3489080,0
2002,12,"41","Oregon",3513424,0.341547163109263
2002,3989,"42","Pennsylvania",12331031,32.3492820673308
2002,852,"44","Rhode Island",1065995,79.9253279799624
2002,26,"45","South Carolina",4107795,0.632942977923679
2002,2,"46","South Dakota",760020,0.263150969711323
2002,28,"47","Tennessee",5795918,0.483098622168223
2002,139,"48","Texas",21690325,0.640838714957014
2002,5,"49","Utah",2324815,0.215070876607386
2002,37,"50","Vermont",615442,6.01193938665219
2002,259,"51","Virginia",7286873,3.55433668186614
2002,11,"53","Washington",6052349,0.181747615677814
2002,26,"54","West Virginia",1805414,1.44011290485174
2002,1090,"55","Wisconsin",5445162,20.0177699028973
2002,2,"56","Wyoming",500017,0.399986400462384
2003,8,"01","Alabama",4503491,0.177639968637664
2003,3,"02","Alaska",648414,0.462667369921069
2003,4,"04","Arizona",5510364,0.0725904858553809
2003,0,"05","Arkansas",2724816,0
2003,86,"06","California",35253159,0.243949769154021
2003,0,"08","Colorado",4528732,0
2003,1403,"09","Connecticut",3484336,40.2659215414357
2003,212,"10","Delaware",818003,25.9167753663495
2003,14,"11","District of Columbia",568502,2.46261226873432
2003,43,"12","Florida",17004085,0.252880410795406
2003,10,"13","Georgia",8622793,0.115971704295812
2003,0,"15","Hawaii",1251154,0
2003,3,"16","Idaho",1363380,0.220041367777142
2003,71,"17","Illinois",12556006,0.565466438929704
2003,25,"18","Indiana",6196638,0.403444577527362
2003,58,"19","Iowa",2941999,1.97144866466644
2003,4,"20","Kansas",2723004,0.146896589208095
2003,17,"21","Kentucky",4117170,0.412904980848495
2003,7,"22","Louisiana",4521042,0.15483156316619
2003,175,"23","Maine",1306513,13.3944323554377
2003,691,"24","Maryland",5496269,12.5721648631099
2003,1532,"25","Massachusetts",6422565,23.8533981361029
2003,12,"26","Michigan",10041152,0.119508199855953
2003,474,"27","Minnesota",5053572,9.37950423977337
2003,21,"28","Mississippi",2868312,0.732137926418047
2003,70,"29","Missouri",5709403,1.22604762704612
2003,0,"30","Montana",919630,0
2003,2,"31","Nebraska",1738643,0.115032240661251
2003,3,"32","Nevada",2248850,0.133401516330569
2003,190,"33","New Hampshire",1279840,14.8456057007126
2003,2887,"34","New Jersey",8601402,33.5642956810994
2003,1,"35","New Mexico",1877574,0.0532602177064659
2003,5399,"36","New York",19175939,28.1550749613878
2003,156,"37","North Carolina",8422501,1.85218143636908
2003,0,"38","North Dakota",638817,0
2003,66,"39","Ohio",11434788,0.57718603965373
2003,0,"40","Oklahoma",3504892,0
2003,16,"41","Oregon",3547376,0.451037612026467
2003,5730,"42","Pennsylvania",12374658,46.304309985779
2003,736,"44","Rhode Island",1071342,68.698884203177
2003,18,"45","South Carolina",4150297,0.433703901190686
2003,1,"46","South Dakota",763729,0.130936497108267
2003,20,"47","Tennessee",5847812,0.342008258815434
2003,85,"48","Texas",22030931,0.385821189308795
2003,2,"49","Utah",2360137,0.0847408434340888
2003,43,"50","Vermont",617858,6.95952791741792
2003,195,"51","Virginia",7366977,2.64694731638228
2003,7,"53","Washington",6104115,0.114676738560791
2003,31,"54","West Virginia",1812295,1.71053829536582
2003,740,"55","Wisconsin",5479203,13.5056138639141
2003,2,"56","Wyoming",503453,0.397256546291312
2004,6,"01","Alabama",4530729,0.132429019700803
2004,3,"02","Alaska",659286,0.455037722627206
2004,13,"04","Arizona",5652404,0.22999063761189
2004,0,"05","Arkansas",2749686,0
2004,48,"06","California",35574576,0.134927820362497
2004,0,"08","Colorado",4575013,0
2004,1348,"09","Connecticut",3496094,38.557315678583
2004,339,"10","Delaware",830803,40.8038969527072
2004,16,"11","District of Columbia",567754,2.81812193309074
2004,46,"12","Florida",17415318,0.264135285959177
2004,12,"13","Georgia",8769252,0.136841773962021
2004,0,"15","Hawaii",1273569,0
2004,6,"16","Idaho",1391802,0.431095802420172
2004,87,"17","Illinois",12589773,0.691037082241276
2004,32,"18","Indiana",6233007,0.513395861740569
2004,49,"19","Iowa",2953635,1.65897275729736
2004,3,"20","Kansas",2734373,0.109714365962508
2004,15,"21","Kentucky",4146101,0.361785687324067
2004,2,"22","Louisiana",4552238,0.0439344340080637
2004,225,"23","Maine",1313688,17.1273544403237
2004,891,"24","Maryland",5546935,16.062924840475
2004,1532,"25","Massachusetts",6412281,23.8916541555181
2004,27,"26","Michigan",10055315,0.268514710876785
2004,1023,"27","Minnesota",5087713,20.1072662707193
2004,0,"28","Mississippi",2889010,0
2004,25,"29","Missouri",5747741,0.434953488683641
2004,0,"30","Montana",930009,0
2004,2,"31","Nebraska",1749370,0.11432687195962
2004,1,"32","Nevada",2346222,0.0426217126938542
2004,226,"33","New Hampshire",1290121,17.5177367084173
2004,2698,"34","New Jersey",8634561,31.2465219714123
2004,1,"35","New Mexico",1903808,0.052526305173631
2004,5100,"36","New York",19171567,26.6018943574096
2004,122,"37","North Carolina",8553152,1.42637474465554
2004,0,"38","North Dakota",644705,0
2004,50,"39","Ohio",11452251,0.43659539072275
2004,3,"40","Oklahoma",3525233,0.0851007578789827
2004,11,"41","Oregon",3569463,0.30816960422338
2004,3985,"42","Pennsylvania",12410722,32.1093325593789
2004,249,"44","Rhode Island",1074579,23.1718654468401
2004,22,"45","South Carolina",4210921,0.52245102674688
2004,1,"46","South Dakota",770396,0.129803373849293
2004,20,"47","Tennessee",5910809,0.338363158071932
2004,98,"48","Texas",22394023,0.437616769438881
2004,1,"49","Utah",2401580,0.0416392541576795
2004,50,"50","Vermont",619920,8.06555684604465
2004,216,"51","Virginia",7475575,2.88940984472766
2004,14,"53","Washington",6178645,0.226586897288969
2004,38,"54","West Virginia",1816438,2.09200644337985
2004,1144,"55","Wisconsin",5514026,20.7470911453809
2004,4,"56","Wyoming",509106,0.785690995588345
2005,3,"01","Alabama",4569805,0.0656483154095197
2005,4,"02","Alaska",666946,0.599748705292482
2005,10,"04","Arizona",5839077,0.171259943994573
2005,0,"05","Arkansas",2781097,0
2005,95,"06","California",35827943,0.265156165956834
2005,0,"08","Colorado",4631888,0
2005,1810,"09","Connecticut",3506956,51.6117111249756
2005,646,"10","Delaware",845150,76.4361355972313
2005,10,"11","District of Columbia",567136,1.76324550019748
2005,47,"12","Florida",17842038,0.263422821989282
2005,6,"13","Georgia",8925922,0.0672199465780678
2005,0,"15","Hawaii",1292729,0
2005,2,"16","Idaho",1428241,0.140032389491689
2005,127,"17","Illinois",12609903,1.00714493997297
2005,33,"18","Indiana",6278616,0.525593538448601
2005,89,"19","Iowa",2964454,3.0022391981795
2005,3,"20","Kansas",2745299,0.109277714376467
2005,5,"21","Kentucky",4182742,0.119538809709038
2005,3,"22","Louisiana",4576628,0.065550444563115
2005,247,"23","Maine",1318787,18.7293323334246
2005,1235,"24","Maryland",5592379,22.0836248759249
2005,2336,"25","Massachusetts",6403290,36.4812463592934
2005,62,"26","Michigan",10051137,0.61684563646879
2005,917,"27","Minnesota",5119598,17.9115625875313
2005,0,"28","Mississippi",2905943,0
2005,15,"29","Missouri",5790300,0.259053935029273
2005,0,"30","Montana",940102,0
2005,2,"31","Nebraska",1761497,0.113539790303361
2005,3,"32","Nevada",2432143,0.123348010376035
2005,265,"33","New Hampshire",1298492,20.4082889998552
2005,3363,"34","New Jersey",8651974,38.8697423270112
2005,3,"35","New Mexico",1932274,0.155257484187025
2005,5565,"36","New York",19132610,29.0864654639383
2005,49,"37","North Carolina",8705407,0.56286857122246
2005,3,"38","North Dakota",646089,0.464332313350018
2005,58,"39","Ohio",11463320,0.505961623683191
2005,0,"40","Oklahoma",3548597,0
2005,3,"41","Oregon",3613202,0.0830288480965083
2005,4287,"42","Pennsylvania",12449990,34.4337625973997
2005,39,"44","Rhode Island",1067916,3.65197262706056
2005,15,"45","South Carolina",4270150,0.351275716309731
2005,2,"46","South Dakota",775493,0.257900458160164
2005,8,"47","Tennessee",5991057,0.133532363320863
2005,69,"48","Texas",22778123,0.302922238149298
2005,2,"49","Utah",2457719,0.0813762679948359
2005,54,"50","Vermont",621215,8.69264264385116
2005,274,"51","Virginia",7577105,3.61615683034616
2005,13,"53","Washington",6257305,0.207757173415712
2005,61,"54","West Virginia",1820492,3.35074254652039
2005,1459,"55","Wisconsin",5546166,26.3064610759938
2005,3,"56","Wyoming",514157,0.583479365252248
2006,11,"01","Alabama",4628981,0.237633293374935
2006,3,"02","Alaska",675302,0.444245685633983
2006,10,"04","Arizona",6029141,0.165861106913904
2006,0,"05","Arkansas",2821761,0
2006,85,"06","California",36021202,0.235972136632198
2006,0,"08","Colorado",4720423,0
2006,1788,"09","Connecticut",3517460,50.8321345516367
2006,482,"10","Delaware",859268,56.0942569722136
2006,62,"11","District of Columbia",570681,10.864213106797
2006,34,"12","Florida",18166990,0.187152632329296
2006,8,"13","Georgia",9155813,0.0873761838517235
2006,0,"15","Hawaii",1309731,0
2006,7,"16","Idaho",1468669,0.476622029878754
2006,110,"17","Illinois",12643955,0.869980951371624
2006,26,"18","Indiana",6332669,0.410569382356791
2006,97,"19","Iowa",2982644,3.25214809410711
2006,4,"20","Kansas",2762931,0.144773792758487
2006,7,"21","Kentucky",4219239,0.16590669549651
2006,1,"22","Louisiana",4302665,0.023241409684463
2006,338,"23","Maine",1323619,25.536049270976
2006,1248,"24","Maryland",5627367,22.1773344443325
2006,1432,"25","Massachusetts",6410084,22.3398008512837
2006,55,"26","Michigan",10036081,0.548022679370563
2006,914,"27","Minnesota",5163555,17.7009831404914
2006,3,"28","Mississippi",2904978,0.103271005838943
2006,5,"29","Missouri",5842704,0.0855768151184794
2006,1,"30","Montana",952692,0.104965718196437
2006,11,"31","Nebraska",1772693,0.620524817325956
2006,4,"32","Nevada",2522658,0.158562912610429
2006,617,"33","New Hampshire",1308389,47.1572292338135
2006,2432,"34","New Jersey",8661679,28.0776971762634
2006,3,"35","New Mexico",1962137,0.152894522655656
2006,4460,"36","New York",19104631,23.3451250641795
2006,31,"37","North Carolina",8917270,0.347640028842908
2006,7,"38","North Dakota",649422,1.07788156237393
2006,43,"39","Ohio",11481213,0.374524886873887
2006,0,"40","Oklahoma",3594090,0
2006,7,"41","Oregon",3670883,0.190689814957328
2006,3242,"42","Pennsylvania",12510809,25.9135919987269
2006,308,"44","Rhode Island",1063096,28.9719837154876
2006,20,"45","South Carolina",4357847,0.458942225369546
2006,1,"46","South Dakota",783033,0.127708538465173
2006,15,"47","Tennessee",6088766,0.246355337025598
2006,29,"48","Texas",23359580,0.12414606769471
2006,5,"49","Utah",2525507,0.197980049154487
2006,105,"50","Vermont",622892,16.856854799869
2006,357,"51","Virginia",7673725,4.65223864550789
2006,8,"53","Washington",6370753,0.125573852886778
2006,28,"54","West Virginia",1827912,1.53180240624275
2006,1466,"55","Wisconsin",5577655,26.2834470758769
2006,1,"56","Wyoming",522667,0.191326408592852
2007,13,"01","Alabama",4672840,0.27820340520968
2007,10,"02","Alaska",680300,1.46993973247097
2007,2,"04","Arizona",6167681,0.0324270986129146
2007,1,"05","Arkansas",2848650,0.0351043476734594
2007,75,"06","California",36250311,0.20689477670964
2007,0,"08","Colorado",4803868,0
2007,3058,"09","Connecticut",3527270,86.6959433216057
2007,715,"10","Delaware",871749,82.0190215302799
2007,116,"11","District of Columbia",574404,20.194845439795
2007,30,"12","Florida",18367842,0.163328931074211
2007,11,"13","Georgia",9349988,0.117647209814601
2007,0,"15","Hawaii",1315675,0
2007,9,"16","Idaho",1505105,0.597964926035061
2007,149,"17","Illinois",12695866,1.17361037049383
2007,55,"18","Indiana",6379599,0.862123152254554
2007,123,"19","Iowa",2999212,4.10107721628214
2007,8,"20","Kansas",2783785,0.287378515222979
2007,6,"21","Kentucky",4256672,0.140955187526781
2007,2,"22","Louisiana",4375581,0.0457082156632456
2007,529,"23","Maine",1327040,39.863154087292
2007,2576,"24","Maryland",5653408,45.5654359282047
2007,2988,"25","Massachusetts",6431559,46.4584092286178
2007,51,"26","Michigan",10001284,0.509934524407066
2007,1238,"27","Minnesota",5207203,23.7747596934477
2007,1,"28","Mississippi",2928350,0.0341489234551881
2007,10,"29","Missouri",5887612,0.169848148960903
2007,4,"30","Montana",964706,0.41463409577633
2007,7,"31","Nebraska",1783440,0.392499887857175
2007,15,"32","Nevada",2601072,0.576685305135729
2007,896,"33","New Hampshire",1312540,68.2645862221342
2007,3134,"34","New Jersey",8677885,36.1147906431118
2007,5,"35","New Mexico",1990070,0.251247443557262
2007,4165,"36","New York",19132335,21.7694285616471
2007,53,"37","North Carolina",9118037,0.58126546316932
2007,12,"38","North Dakota",652822,1.83817334587376
2007,33,"39","Ohio",11500468,0.286944844331552
2007,1,"40","Oklahoma",3634349,0.0275152441331309
2007,6,"41","Oregon",3722417,0.161185595273179
2007,3994,"42","Pennsylvania",12563937,31.7893984982574
2007,177,"44","Rhode Island",1057315,16.7405172536094
2007,31,"45","South Carolina",4444110,0.697552490824935
2007,0,"46","South Dakota",791623,0
2007,31,"47","Tennessee",6175727,0.501965193733466
2007,87,"48","Texas",23831983,0.365055648117909
2007,7,"49","Utah",2597746,0.269464374115098
2007,138,"50","Vermont",623481,22.1337939728717
2007,959,"51","Virginia",7751000,12.3725970842472
2007,12,"53","Washington",6461587,0.185712890656738
2007,84,"54","West Virginia",1834052,4.58002281287553
2007,1814,"55","Wisconsin",5610775,32.3306495092033
2007,3,"56","Wyoming",534876,0.560877661364503
2008,9,"01","Alabama",4718206,0.190750467444618
2008,6,"02","Alaska",687455,0.872784400433483
2008,8,"04","Arizona",6280362,0.12738119235802
2008,0,"05","Arkansas",2874554,0
2008,74,"06","California",36604337,0.20216183672443
2008,3,"08","Colorado",4889730,0.0613530808449546
2008,3896,"09","Connecticut",3545579,109.883322300815
2008,772,"10","Delaware",883874,87.3427660503646
2008,74,"11","District of Columbia",580236,12.7534313624112
2008,88,"12","Florida",18527305,0.474974638783137
2008,35,"13","Georgia",9504843,0.368233331155496
2008,0,"15","Hawaii",1332213,0
2008,9,"16","Idaho",1534320,0.586579070858752
2008,108,"17","Illinois",12747038,0.847255652646521
2008,42,"18","Indiana",6424806,0.653716236723724
2008,109,"19","Iowa",3016734,3.61317902075556
2008,16,"20","Kansas",2808076,0.569785148265218
2008,5,"21","Kentucky",4289878,0.116553431123216
2008,3,"22","Louisiana",4435586,0.0676348063142052
2008,908,"23","Maine",1330509,68.2445590371805
2008,2218,"24","Maryland",5684965,39.015191826159
2008,4582,"25","Massachusetts",6468967,70.8304741699873
2008,92,"26","Michigan",9946889,0.924912301725695
2008,1282,"27","Minnesota",5247018,24.4329255207434
2008,1,"28","Mississippi",2947806,0.0339235349951795
2008,6,"29","Missouri",5923916,0.10128435312047
2008,17,"30","Montana",976415,1.74106297015101
2008,12,"31","Nebraska",1796378,0.668010852949658
2008,12,"32","Nevada",2653630,0.452210745280992
2008,1601,"33","New Hampshire",1315906,121.665225327645
2008,3485,"34","New Jersey",8711090,40.0064745054867
2008,8,"35","New Mexico",2010662,0.397878907543884
2008,7794,"36","New York",19212436,40.5674741089573
2008,47,"37","North Carolina",9309449,0.504863392022449
2008,10,"38","North Dakota",657569,1.52075295520318
2008,45,"39","Ohio",11515391,0.390781346460576
2008,2,"40","Oklahoma",3668976,0.0545111224494246
2008,38,"41","Oregon",3768748,1.00829240904406
2008,3818,"42","Pennsylvania",12612285,30.2720720313567
2008,210,"44","Rhode Island",1055003,19.9051566678009
2008,29,"45","South Carolina",4528996,0.640318516510061
2008,3,"46","South Dakota",799124,0.375411075127264
2008,31,"47","Tennessee",6247411,0.496205548186281
2008,153,"48","Texas",24309039,0.629395510040525
2008,5,"49","Utah",2663029,0.187756122821043
2008,404,"50","Vermont",624151,64.7279264152425
2008,933,"51","Virginia",7833496,11.9103909672003
2008,23,"53","Washington",6562231,0.350490557251032
2008,135,"54","West Virginia",1840310,7.33572061228815
2008,2034,"55","Wisconsin",5640996,36.0574621928468
2008,3,"56","Wyoming",546043,0.549407281111561
2009,3,"01","Alabama",4757938,0.0630525240135538
2009,7,"02","Alaska",698895,1.00158106725617
2009,7,"04","Arizona",6343154,0.110355195538371
2009,0,"05","Arkansas",2896843,0
2009,117,"06","California",36961229,0.316547915655077
2009,1,"08","Colorado",4972195,0.0201118419531012
2009,4156,"09","Connecticut",3561807,116.682346909869
2009,984,"10","Delaware",891730,110.347302434593
2009,61,"11","District of Columbia",592228,10.3000871286059
2009,110,"12","Florida",18652644,0.58972872693008
2009,40,"13","Georgia",9620846,0.41576385278384
2009,0,"15","Hawaii",1346717,0
2009,16,"16","Idaho",1554439,1.02931025276643
2009,136,"17","Illinois",12796778,1.0627675185113
2009,83,"18","Indiana",6459325,1.28496398617503
2009,108,"19","Iowa",3032870,3.56098349088487
2009,18,"20","Kansas",2832704,0.635435259031653
2009,1,"21","Kentucky",4317074,0.0231638373583589
2009,0,"22","Louisiana",4491648,0
2009,970,"23","Maine",1329590,72.9548206590001
2009,2024,"24","Maryland",5730388,35.3204704463293
2009,5256,"25","Massachusetts",6517613,80.6430206887092
2009,103,"26","Michigan",9901591,1.04023686698431
2009,1543,"27","Minnesota",5281203,29.2168280598189
2009,0,"28","Mississippi",2958774,0
2009,3,"29","Missouri",5961088,0.0503263833716261
2009,3,"30","Montana",983982,0.304883625919986
2009,5,"31","Nebraska",1812683,0.275834219220901
2009,13,"32","Nevada",2684665,0.484231738410565
2009,1415,"33","New Hampshire",1316102,107.514463164709
2009,4973,"34","New Jersey",8755602,56.797922061784
2009,5,"35","New Mexico",2036802,0.245482869714386
2009,5651,"36","New York",19307066,29.269076927587
2009,96,"37","North Carolina",9449566,1.01591967292466
2009,15,"38","North Dakota",664968,2.25574764499946
2009,58,"39","Ohio",11528896,0.503083729786443
2009,2,"40","Oklahoma",3717572,0.0537985545404366
2009,38,"41","Oregon",3808600,0.997741952423463
2009,5722,"42","Pennsylvania",12666858,45.1730018604456
2009,235,"44","Rhode Island",1053646,22.3035061111607
2009,42,"45","South Carolina",4589872,0.915058197701374
2009,1,"46","South Dakota",807067,0.123905450229039
2009,37,"47","Tennessee",6306019,0.58674101679681
2009,276,"48","Texas",24801761,1.11282420631341
2009,9,"49","Utah",2723421,0.330466718146038
2009,408,"50","Vermont",624817,65.2991195822137
2009,908,"51","Virginia",7925937,11.4560587599927
2009,16,"53","Washington",6667426,0.239972667113216
2009,201,"54","West Virginia",1847775,10.8779478020863
2009,2589,"55","Wisconsin",5669264,45.6673035512193
2009,3,"56","Wyoming",559851,0.535856861915045
2010,2,"01","Alabama",4785437,0.0417934663020326
2010,7,"02","Alaska",713910,0.980515751285176
2010,2,"04","Arizona",6407172,0.0312150196685839
2010,0,"05","Arkansas",2921964,0
2010,129,"06","California",37319502,0.345663776542356
2010,3,"08","Colorado",5047349,0.059437142151256
2010,3068,"09","Connecticut",3579114,85.7195384109028
2010,656,"10","Delaware",899593,72.9218657770792
2010,42,"11","District of Columbia",605226,6.93955646320548
2010,84,"12","Florida",18845537,0.44572887469325
2010,10,"13","Georgia",9711881,0.102966665262888
2010,0,"15","Hawaii",1363963,0
2010,9,"16","Idaho",1570746,0.572976152732523
2010,135,"17","Illinois",12840503,1.05136068267731
2010,78,"18","Indiana",6490432,1.20176900397385
2010,85,"19","Iowa",3050745,2.78620468115165
2010,10,"20","Kansas",2858190,0.349871771995564
2010,5,"21","Kentucky",4348181,0.114990613316235
2010,3,"22","Louisiana",4544532,0.0660133980792742
2010,751,"23","Maine",1327629,56.5670078011252
2010,1617,"24","Maryland",5788645,27.9339983709486
2010,3263,"25","Massachusetts",6566307,49.6930770979791
2010,95,"26","Michigan",9877510,0.961780853676686
2010,1960,"27","Minnesota",5310828,36.9057329666862
2010,0,"28","Mississippi",2970548,0
2010,4,"29","Missouri",5995974,0.066711430036221
2010,4,"30","Montana",990697,0.403756143402069
2010,8,"31","Nebraska",1829542,0.437267906394059
2010,2,"32","Nevada",2702405,0.0740081519979426
2010,1339,"33","New Hampshire",1316762,101.688839744768
2010,3712,"34","New Jersey",8799446,42.1844738861969
2010,5,"35","New Mexico",2064552,0.2421832920653
2010,3425,"36","New York",19399878,17.6547501999755
2010,82,"37","North Carolina",9574323,0.856457422629255
2010,33,"38","North Dakota",674715,4.89095395833797
2010,44,"39","Ohio",11539336,0.381304435541178
2010,0,"40","Oklahoma",3759944,0
2010,39,"41","Oregon",3837491,1.01628902843029
2010,3805,"42","Pennsylvania",12711160,29.9343254274197
2010,181,"44","Rhode Island",1053959,17.1733435551098
2010,29,"45","South Carolina",4635649,0.625586622283093
2010,1,"46","South Dakota",816166,0.122524094363157
2010,36,"47","Tennessee",6355311,0.566455363081366
2010,142,"48","Texas",25241971,0.562555119011903
2010,3,"49","Utah",2775332,0.108095175640248
2010,356,"50","Vermont",625879,56.8800039624272
2010,1245,"51","Virginia",8023699,15.5165342069786
2010,16,"53","Washington",6742830,0.237289090782357
2010,145,"54","West Virginia",1854239,7.81991965437034
2010,3488,"55","Wisconsin",5690475,61.2954103128474
2010,0,"56","Wyoming",564487,0
2011,24,"01","Alabama",4799069,0.500096997980233
2011,11,"02","Alaska",722128,1.52327565196198
2011,15,"04","Arizona",6472643,0.231744590270157
2011,0,"05","Arkansas",2940667,0
2011,92,"06","California",37638369,0.244431420500713
2011,0,"08","Colorado",5121108,0
2011,3039,"09","Connecticut",3588283,84.6923166316592
2011,873,"10","Delaware",907381,96.2109632006842
2011,0,"11","District of Columbia",619800,0
2011,115,"12","Florida",19053237,0.603571980971002
2011,32,"13","Georgia",9802431,0.326449632749264
2011,0,"15","Hawaii",1379329,0
2011,4,"16","Idaho",1583910,0.252539601366239
2011,194,"17","Illinois",12867454,1.50767976322278
2011,94,"18","Indiana",6516528,1.44248593729667
2011,100,"19","Iowa",3066336,3.26122120993916
2011,17,"20","Kansas",2869225,0.592494488929938
2011,3,"21","Kentucky",4369821,0.0686526976734287
2011,2,"22","Louisiana",4575625,0.043709875700041
2011,1006,"23","Maine",1328284,75.7368153196154
2011,1351,"24","Maryland",5839419,23.1358633453088
2011,2476,"25","Massachusetts",6613583,37.4381027651728
2011,104,"26","Michigan",9882412,1.05237466318951
2011,2124,"27","Minnesota",5346143,39.7295770053289
2011,5,"28","Mississippi",2978731,0.16785671482252
2011,8,"29","Missouri",6010275,0.133105390352355
2011,11,"30","Montana",997316,1.1029603455675
2011,11,"31","Nebraska",1840672,0.597607830183759
2011,5,"32","Nevada",2712730,0.18431616858294
2011,1299,"33","New Hampshire",1320202,98.3940336403066
2011,4262,"34","New Jersey",8828117,48.2775658727677
2011,6,"35","New Mexico",2080450,0.288399144415872
2011,4490,"36","New York",19499241,23.0265372893232
2011,88,"37","North Carolina",9657592,0.911200224652274
2011,27,"38","North Dakota",685225,3.94031157648947
2011,53,"39","Ohio",11544663,0.459086592653246
2011,2,"40","Oklahoma",3788379,0.0527930283638464
2011,38,"41","Oregon",3872036,0.981395834129641
2011,5362,"42","Pennsylvania",12745815,42.0687103963144
2011,159,"44","Rhode Island",1053649,15.0904143600003
2011,37,"45","South Carolina",4671994,0.791953071857541
2011,4,"46","South Dakota",823579,0.485685040536488
2011,37,"47","Tennessee",6399291,0.578189052505973
2011,74,"48","Texas",25645629,0.288548196653707
2011,9,"49","Utah",2814384,0.319785786161377
2011,623,"50","Vermont",627049,99.3542769384849
2011,1023,"51","Virginia",8101155,12.6278289947545
2011,19,"53","Washington",6826627,0.278321929702619
2011,118,"54","West Virginia",1856301,6.35672770741383
2011,3649,"55","Wisconsin",5705288,63.9582085952541
2011,2,"56","Wyoming",567299,0.35254777463031
2012,25,"01","Alabama",4815588,0.519147402144868
2012,10,"02","Alaska",730443,1.36903221743517
2012,13,"04","Arizona",6554978,0.198322557299201
2012,0,"05","Arkansas",2952164,0
2012,70,"06","California",37948800,0.184459060629058
2012,0,"08","Colorado",5192647,0
2012,2657,"09","Connecticut",3594547,73.9175200658108
2012,669,"10","Delaware",915179,73.1004535724705
2012,0,"11","District of Columbia",634924,0
2012,118,"12","Florida",19297822,0.611467967732317
2012,31,"13","Georgia",9901430,0.31308608958504
2012,0,"15","Hawaii",1394804,0
2012,5,"16","Idaho",1595324,0.313415958137657
2012,204,"17","Illinois",12882510,1.58354233763451
2012,74,"18","Indiana",6537703,1.131896019137
2012,165,"19","Iowa",3076190,5.36377792008946
2012,19,"20","Kansas",2885257,0.658520194214935
2012,14,"21","Kentucky",4386346,0.319172267759999
2012,7,"22","Louisiana",4600972,0.152141764827084
2012,1111,"23","Maine",1327729,83.6767141487457
2012,1651,"24","Maryland",5886992,28.0448826837203
2012,5138,"25","Massachusetts",6663005,77.1123539604127
2012,98,"26","Michigan",9897145,0.990184543118243
2012,1515,"27","Minnesota",5376643,28.1774333910583
2012,1,"28","Mississippi",2983816,0.0335141308981519
2012,2,"29","Missouri",6024367,0.0331985086565941
2012,6,"30","Montana",1003783,0.597738754292511
2012,15,"31","Nebraska",1853303,0.809365764799388
2012,10,"32","Nevada",2743996,0.364432018122475
2012,1450,"33","New Hampshire",1324232,109.497429453449
2012,3576,"34","New Jersey",8844942,40.4298863689553
2012,1,"35","New Mexico",2087309,0.04790857510795
2012,2998,"36","New York",19572932,15.3170715557587
2012,122,"37","North Carolina",9749476,1.25134930328563
2012,15,"38","North Dakota",701176,2.13926318071354
2012,67,"39","Ohio",11548923,0.580140676321073
2012,4,"40","Oklahoma",3818814,0.10474456205513
2012,48,"41","Oregon",3899001,1.23108457781878
2012,5033,"42","Pennsylvania",12767118,39.4215828505697
2012,217,"44","Rhode Island",1054621,20.5761121767915
2012,44,"45","South Carolina",4717354,0.932726269853821
2012,4,"46","South Dakota",833566,0.479866021406823
2012,30,"47","Tennessee",6453898,0.464835359963854
2012,75,"48","Texas",26084481,0.287527284901701
2012,5,"49","Utah",2853375,0.175231085994655
2012,522,"50","Vermont",626090,83.3745947068313
2012,1110,"51","Virginia",8185080,13.5612602442493
2012,15,"53","Washington",6897058,0.217484034497028
2012,97,"54","West Virginia",1856872,5.2238387998742
2012,1766,"55","Wisconsin",5719960,30.8743417786138
2012,4,"56","Wyoming",576305,0.694076921074778
2013,24,"01","Alabama",4830081,0.496886077065788
2013,14,"02","Alaska",737068,1.89941769280446
2013,32,"04","Arizona",6632764,0.482453468870594
2013,0,"05","Arkansas",2959400,0
2013,112,"06","California",38260787,0.292727904420785
2013,0,"08","Colorado",5269035,0
2013,2925,"09","Connecticut",3594841,81.3666028622685
2013,509,"10","Delaware",923576,55.1118695158818
2013,35,"11","District of Columbia",650581,5.37980666511933
2013,138,"12","Florida",19545621,0.706040498789985
2013,8,"13","Georgia",9972479,0.0802207755965192
2013,0,"15","Hawaii",1408243,0
2013,19,"16","Idaho",1611206,1.17924089160542
2013,337,"17","Illinois",12895129,2.61338990870118
2013,110,"18","Indiana",6568713,1.67460505581535
2013,247,"19","Iowa",3092997,7.98578207479671
2013,34,"20","Kansas",2893212,1.17516448846472
2013,40,"21","Kentucky",4404659,0.908129323972639
2013,0,"22","Louisiana",4624527,0
2013,1373,"23","Maine",1328009,103.387853546173
2013,1197,"24","Maryland",5923188,20.2087119301295
2013,5290,"25","Massachusetts",6713315,78.7986263120381
2013,168,"26","Michigan",9913065,1.69473316275037
2013,2340,"27","Minnesota",5413479,43.2254378376641
2013,0,"28","Mississippi",2988711,0
2013,3,"29","Missouri",6040715,0.0496629951917944
2013,18,"30","Montana",1013569,1.77590277524273
2013,10,"31","Nebraska",1865279,0.536112828161364
2013,16,"32","Nevada",2775970,0.576375104918281
2013,1687,"33","New Hampshire",1326622,127.165085457651
2013,3766,"34","New Jersey",8856972,42.5201750666029
2013,6,"35","New Mexico",2092273,0.286769460773044
2013,4615,"36","New York",19624447,23.5165862253341
2013,180,"37","North Carolina",9843336,1.82864833629574
2013,29,"38","North Dakota",722036,4.01642023389415
2013,93,"39","Ohio",11576684,0.80333884901756
2013,3,"40","Oklahoma",3853214,0.077857082425217
2013,43,"41","Oregon",3922468,1.09624858634921
2013,5758,"42","Pennsylvania",12776309,45.0677891400404
2013,724,"44","Rhode Island",1055081,68.6203239372143
2013,42,"45","South Carolina",4764080,0.881597286359591
2013,4,"46","South Dakota",842316,0.474881160989462
2013,25,"47","Tennessee",6494340,0.384950587742557
2013,82,"48","Texas",26480266,0.309664563037244
2013,15,"49","Utah",2897640,0.517662649604506
2013,893,"50","Vermont",626210,142.603918813178
2013,1307,"51","Virginia",8252427,15.837765059903
2013,18,"53","Washington",6963985,0.258472699180139
2013,143,"54","West Virginia",1853914,7.71341065443165
2013,1872,"55","Wisconsin",5736754,32.6316938115178
2013,3,"56","Wyoming",582122,0.515355887597445
2014,64,"01","Alabama",4841799,1.32182273572282
2014,8,"02","Alaska",736283,1.08653873578502
2014,21,"04","Arizona",6730413,0.312016513696856
2014,0,"05","Arkansas",2967392,0
2014,73,"06","California",38596972,0.189134007714388
2014,0,"08","Colorado",5350101,0
2014,2360,"09","Connecticut",3594524,65.65542475165
2014,417,"10","Delaware",932487,44.7191220896377
2014,40,"11","District of Columbia",662328,6.0393037890592
2014,155,"12","Florida",19845911,0.781017308804821
2014,4,"13","Georgia",10067278,0.0397326864322213
2014,0,"15","Hawaii",1414538,0
2014,9,"16","Idaho",1631112,0.55177081647367
2014,233,"17","Illinois",12884493,1.80837538582232
2014,110,"18","Indiana",6593644,1.66827326437399
2014,194,"19","Iowa",3109350,6.23924614469262
2014,20,"20","Kansas",2900475,0.689542230151958
2014,44,"21","Kentucky",4414349,0.996749464077263
2014,2,"22","Louisiana",4644013,0.0430662015804004
2014,1401,"23","Maine",1330513,105.297731025552
2014,1373,"24","Maryland",5957283,23.047419436008
2014,5304,"25","Massachusetts",6762596,78.4314189403004
2014,127,"26","Michigan",9929848,1.27897224610085
2014,1416,"27","Minnesota",5451079,25.9765085040962
2014,2,"28","Mississippi",2990468,0.0668791640639525
2014,10,"29","Missouri",6056202,0.165119987741492
2014,7,"30","Montana",1021869,0.685019312651622
2014,7,"31","Nebraska",1879321,0.37247495238972
2014,6,"32","Nevada",2817628,0.212945072947884
2014,724,"33","New Hampshire",1333341,54.2996877767953
2014,3286,"34","New Jersey",8864525,37.0691040975123
2014,0,"35","New Mexico",2089568,0
2014,3736,"36","New York",19651049,19.0117077210484
2014,170,"37","North Carolina",9932887,1.71148629799171
2014,14,"38","North Dakota",737401,1.89855994228378
2014,119,"39","Ohio",11602700,1.02562334629009
2014,0,"40","Oklahoma",3878187,0
2014,45,"41","Oregon",3963244,1.13543349841695
2014,7487,"42","Pennsylvania",12788313,58.5456424158527
2014,904,"44","Rhode Island",1055936,85.6112491666162
2014,37,"45","South Carolina",4823617,0.767059242058397
2014,2,"46","South Dakota",849129,0.235535472230957
2014,17,"47","Tennessee",6541223,0.259890237651277
2014,40,"48","Texas",26964333,0.148344110718407
2014,13,"49","Utah",2936879,0.44264676889991
2014,599,"50","Vermont",625214,95.807195616221
2014,1346,"51","Virginia",8310993,16.1954173225751
2014,15,"53","Washington",7054655,0.212625564255091
2014,136,"54","West Virginia",1849489,7.35338247483494
2014,1361,"55","Wisconsin",5751525,23.6632893015331
2014,3,"56","Wyoming",582531,0.514994051818702
2015,25,"01","Alabama",4852347,0.51521459615316
2015,9,"02","Alaska",737498,1.22034229245367
2015,12,"04","Arizona",6829676,0.175703796197653
2015,0,"05","Arkansas",2978048,0
2015,98,"06","California",38918045,0.251811209941301
2015,0,"08","Colorado",5450623,0
2015,2541,"09","Connecticut",3587122,70.8367320654274
2015,435,"10","Delaware",941252,46.2150412429403
2015,121,"11","District of Columbia",675400,17.9153094462541
2015,166,"12","Florida",20209042,0.821414493571739
2015,8,"13","Georgia",10178447,0.0785974520474489
2015,0,"15","Hawaii",1422052,0
2015,9,"16","Idaho",1651059,0.545104687355207
2015,287,"17","Illinois",12858913,2.23191493713349
2015,138,"18","Indiana",6608422,2.08824436453967
2015,318,"19","Iowa",3120960,10.1891725622885
2015,23,"20","Kansas",2909011,0.790646718077037
2015,49,"21","Kentucky",4425976,1.10710044518994
2015,3,"22","Louisiana",4664628,0.064313810233099
2015,1201,"23","Maine",1328262,90.4189083177867
2015,1728,"24","Maryland",5985562,28.8694695669346
2015,4224,"25","Massachusetts",6794228,62.1704187731115
2015,148,"26","Michigan",9931715,1.49017566452521
2015,1805,"27","Minnesota",5482032,32.925747241169
2015,4,"28","Mississippi",2988471,0.133847710083183
2015,5,"29","Missouri",6071732,0.0823488256728064
2015,5,"30","Montana",1030475,0.485213129867294
2015,11,"31","Nebraska",1891277,0.581617605459169
2015,7,"32","Nevada",2866939,0.244162851040779
2015,529,"33","New Hampshire",1336350,39.5854379466457
2015,4855,"34","New Jersey",8867949,54.7477212600118
2015,0,"35","New Mexico",2089291,0
2015,4314,"36","New York",19654666,21.9489865663451
2015,230,"37","North Carolina",10031646,2.29274438113147
2015,33,"38","North Dakota",754066,4.37627475579061
2015,154,"39","Ohio",11617527,1.3255833190661
2015,0,"40","Oklahoma",3909500,0
2015,31,"41","Oregon",4015792,0.771952332192504
2015,9048,"42","Pennsylvania",12784826,70.7713972798691
2015,904,"44","Rhode Island",1056065,85.6007916179402
2015,42,"45","South Carolina",4891938,0.858555443670791
2015,5,"46","South Dakota",853988,0.585488320678979
2015,26,"47","Tennessee",6591170,0.394467143162747
2015,54,"48","Texas",27470056,0.196577684443017
2015,7,"49","Utah",2981835,0.234754773486796
2015,710,"50","Vermont",625216,113.560753403624
2015,1539,"51","Virginia",8361808,18.4051104737157
2015,24,"53","Washington",7163657,0.335024415602255
2015,289,"54","West Virginia",1842050,15.6890420998344
2015,1894,"55","Wisconsin",5760940,32.8765791693717
2015,1,"56","Wyoming",585613,0.170761236516266
2016,38,"01","Alabama",4863525,0.781326301396621
2016,15,"02","Alaska",741456,2.02304654625494
2016,13,"04","Arizona",6941072,0.187290954480806
2016,2,"05","Arkansas",2989918,0.0668914665887158
2016,134,"06","California",39167117,0.342123725879543
2016,0,"08","Colorado",5539215,0
2016,1748,"09","Connecticut",3578141,48.8521832985341
2016,506,"10","Delaware",948921,53.3237224173561
2016,103,"11","District of Columbia",685815,15.0186274724233
2016,216,"12","Florida",20613477,1.04785815609856
2016,4,"13","Georgia",10301890,0.0388278267385887
2016,0,"15","Hawaii",1427559,0
2016,17,"16","Idaho",1682380,1.01047325812242
2016,237,"17","Illinois",12820527,1.84859795545066
2016,152,"18","Indiana",6634304,2.29112202274722
2016,232,"19","Iowa",3131371,7.40889533689876
2016,39,"20","Kansas",2910844,1.33981759242337
2016,33,"21","Kentucky",4438182,0.743547695880881
2016,7,"22","Louisiana",4678135,0.149632278675156
2016,1487,"23","Maine",1331317,111.693909114058
2016,1866,"24","Maryland",6003323,31.0827853173984
2016,198,"25","Massachusetts",6823608,2.90169071845862
2016,221,"26","Michigan",9950571,2.22097807251463
2016,2126,"27","Minnesota",5522744,38.4953566560391
2016,1,"28","Mississippi",2987938,0.0334678965895544
2016,10,"29","Missouri",6087135,0.164280897335117
2016,17,"30","Montana",1040859,1.63326636941219
2016,14,"31","Nebraska",1905616,0.734670573714746
2016,15,"32","Nevada",2917563,0.514127715494061
2016,891,"33","New Hampshire",1342307,66.3782577309066
2016,4350,"34","New Jersey",8870827,49.0371416329052
2016,1,"35","New Mexico",2091630,0.047809603036866
2016,3882,"36","New York",19633428,19.772400418307
2016,272,"37","North Carolina",10154788,2.67853942396434
2016,32,"38","North Dakota",754434,4.2415903843146
2016,160,"39","Ohio",11634370,1.37523561653961
2016,0,"40","Oklahoma",3926331,0
2016,61,"41","Oregon",4089976,1.49145129457972
2016,11443,"42","Pennsylvania",12782275,89.5224050491794
2016,903,"44","Rhode Island",1056770,85.4490570322776
2016,51,"45","South Carolina",4957968,1.02864721999013
2016,11,"46","South Dakota",862996,1.27462931462023
2016,25,"47","Tennessee",6646010,0.376165548953432
2016,71,"48","Texas",27914410,0.254348918712593
2016,19,"49","Utah",3041868,0.624616189788643
2016,761,"50","Vermont",623657,122.022201306167
2016,1350,"51","Virginia",8410106,16.0521163466905
2016,31,"53","Washington",7294771,0.4249619350628
2016,368,"54","West Virginia",1831023,20.0980544755582
2016,2295,"55","Wisconsin",5772628,39.7565891999277
2016,1,"56","Wyoming",584215,0.171169860410979
2017,41,"01","Alabama",4874486,0.841114324669309
2017,10,"02","Alaska",739700,1.35189941868325
2017,28,"04","Arizona",7044008,0.397500968198787
2017,6,"05","Arkansas",3001345,0.199910373515874
2017,145,"06","California",39358497,0.368408376976387
2017,4,"08","Colorado",5611885,0.0712772980914612
2017,2051,"09","Connecticut",3573297,57.3979716771374
2017,608,"10","Delaware",956823,63.5436230107345
2017,84,"11","District of Columbia",694906,12.0879658543745
2017,210,"12","Florida",20963613,1.00173572179567
2017,8,"13","Georgia",10410330,0.0768467474133865
2017,0,"15","Hawaii",1424393,0
2017,20,"16","Idaho",1717715,1.16433750651301
2017,273,"17","Illinois",12778828,2.13634615005382
2017,142,"18","Indiana",6658078,2.13274761875725
2017,255,"19","Iowa",3141550,8.11701230284414
2017,40,"20","Kansas",2908718,1.37517628040944
2017,20,"21","Kentucky",4452268,0.449209256945
2017,12,"22","Louisiana",4670560,0.256928505361242
2017,1850,"23","Maine",1334612,138.617066233482
2017,1891,"24","Maryland",6023868,31.3917901255472
2017,410,"25","Massachusetts",6859789,5.97686022121089
2017,291,"26","Michigan",9973114,2.91784491784612
2017,2318,"27","Minnesota",5566230,41.6439852467469
2017,1,"28","Mississippi",2988510,0.033461490843263
2017,12,"29","Missouri",6106670,0.196506442954998
2017,12,"30","Montana",1052482,1.14016201702262
2017,14,"31","Nebraska",1915947,0.730709148008791
2017,17,"32","Nevada",2969905,0.572408881765578
2017,1381,"33","New Hampshire",1348787,102.388294074602
2017,5092,"34","New Jersey",8885525,57.3066869993613
2017,3,"35","New Mexico",2091784,0.143418249685436
2017,5155,"36","New York",19589572,26.3150210734568
2017,295,"37","North Carolina",10268233,2.87293831372934
2017,56,"38","North Dakota",754942,7.4177883863926
2017,270,"39","Ohio",11659650,2.31567842945543
2017,1,"40","Oklahoma",3931316,0.0254367748611406
2017,84,"41","Oregon",4143625,2.02721047392078
2017,11900,"42","Pennsylvania",12787641,93.0586024427805
2017,1132,"44","Rhode Island",1055673,107.230174495322
2017,21,"45","South Carolina",5021268,0.418221054920789
2017,12,"46","South Dakota",872868,1.37477831699638
2017,47,"47","Tennessee",6708799,0.700572486968234
2017,58,"48","Texas",28295273,0.204981234851489
2017,25,"49","Utah",3101042,0.806180632187503
2017,1092,"50","Vermont",624344,174.903578796305
2017,1657,"51","Virginia",8463587,19.5779874419676
2017,37,"53","Washington",7423362,0.498426454213064
2017,648,"54","West Virginia",1817004,35.663102557837
2017,3000,"55","Wisconsin",5790186,51.811807081845
2017,4,"56","Wyoming",578931,0.69092862534568
2018,36,"01","Alabama",4887681,0.736545613349153
2018,11,"02","Alaska",735139,1.49631566275221
2018,7,"04","Arizona",7158024,0.0977923516322382
2018,4,"05","Arkansas",3009733,0.1329021544436
2018,104,"06","California",39461588,0.263547427437538
2018,3,"08","Colorado",5691287,0.0527121545618768
2018,1859,"09","Connecticut",3571520,52.0506675029119
2018,520,"10","Delaware",965479,53.8592760691843
2018,79,"11","District of Columbia",701547,11.2608278561522
2018,169,"12","Florida",21244317,0.795506864259275
2018,19,"13","Georgia",10511131,0.180760757334296
2018,0,"15","Hawaii",1420593,0
2018,9,"16","Idaho",1750536,0.514128244149221
2018,276,"17","Illinois",12723071,2.16928758787874
2018,155,"18","Indiana",6695497,2.31498871555017
2018,283,"19","Iowa",3148618,8.98807032164588
2018,30,"20","Kansas",2911359,1.03044660586345
2018,22,"21","Kentucky",4461153,0.493146054394458
2018,4,"22","Louisiana",4659690,0.0858426204318313
2018,1405,"23","Maine",1339057,104.924584987794
2018,1382,"24","Maryland",6035802,22.8967086726834
2018,16,"25","Massachusetts",6882635,0.232469105219149
2018,262,"26","Michigan",9984072,2.62417979357521
2018,1541,"27","Minnesota",5606249,27.4871843901332
2018,4,"28","Mississippi",2981020,0.134182259763437
2018,11,"29","Missouri",6121623,0.179690908767168
2018,7,"30","Montana",1060665,0.659963324895231
2018,15,"31","Nebraska",1925614,0.778972317401099
2018,14,"32","Nevada",3027341,0.462452032988685
2018,1428,"33","New Hampshire",1353465,105.506976537997
2018,4000,"34","New Jersey",8886025,45.0145031102208
2018,2,"35","New Mexico",2092741,0.0955684434910961
2018,3638,"36","New York",19530351,18.6274173976699
2018,212,"37","North Carolina",10381615,2.04207148887721
2018,33,"38","North Dakota",758080,4.35310257492613
2018,293,"39","Ohio",11676341,2.5093477485798
2018,0,"40","Oklahoma",3940235,0
2018,70,"41","Oregon",4181886,1.67388589741566
2018,10208,"42","Pennsylvania",12800922,79.7442559215657
2018,1111,"44","Rhode Island",1058287,104.980973970199
2018,39,"45","South Carolina",5084156,0.76708897209291
2018,7,"46","South Dakota",878698,0.796633200485263
2018,29,"47","Tennessee",6771631,0.428257239651718
2018,47,"48","Texas",28628666,0.164171114364882
2018,27,"49","Utah",3153550,0.856177958174121
2018,576,"50","Vermont",624358,92.254764093677
2018,1139,"51","Virginia",8501286,13.3979729655019
2018,20,"53","Washington",7523869,0.2658206834808
2018,671,"54","West Virginia",1804291,37.1891230405738
2018,1869,"55","Wisconsin",5807406,32.1830435137478
2018,0,"56","Wyoming",577601,0
