<?xml version="1.0" encoding="UTF-8"?>
<metadata xml:lang="en"><Esri><CreaDate>20201212</CreaDate><CreaTime>21004200</CreaTime><ArcGISFormat>1.0</ArcGISFormat><SyncOnce>TRUE</SyncOnce><DataProperties><lineage><Process ToolSource="c:\program files\arcgis\pro\Resources\ArcToolbox\toolboxes\Conversion Tools.tbx\FeatureClassToFeatureClass" Date="20201212" Time="205614">FeatureClassToFeatureClass counties_l48_laea C:\Users\caraw\Documents\SSPHC\R_Projects\ssphc\data\modularized_app\data counties_ndvi.shp # "OBJECTID "OBJECTID" true true false 10 Long 0 10,First,#,counties_l48_laea,counties_l48_laea.OBJECTID,-1,-1;STATEFP "STATEFP" true true false 2 Text 0 0,First,#,counties_l48_laea,counties_l48_laea.STATEFP,0,2;COUNTYFP "COUNTYFP" true true false 3 Text 0 0,First,#,counties_l48_laea,counties_l48_laea.COUNTYFP,0,3;COUNTYNS "COUNTYNS" true true false 8 Text 0 0,First,#,counties_l48_laea,counties_l48_laea.COUNTYNS,0,8;AFFGEOID "AFFGEOID" true true false 14 Text 0 0,First,#,counties_l48_laea,counties_l48_laea.AFFGEOID,0,14;GEOID "GEOID" true true false 5 Text 0 0,First,#,counties_l48_laea,counties_l48_laea.GEOID,0,5;NAME "NAME" true true false 100 Text 0 0,First,#,counties_l48_laea,counties_l48_laea.NAME,0,100;LSAD "LSAD" true true false 2 Text 0 0,First,#,counties_l48_laea,counties_l48_laea.LSAD,0,2;ALAND "ALAND" true true false 19 Double 0 0,First,#,counties_l48_laea,counties_l48_laea.ALAND,-1,-1;AWATER "AWATER" true true false 19 Double 0 0,First,#,counties_l48_laea,counties_l48_laea.AWATER,-1,-1;Shape_Leng "Shape_Leng" true true false 19 Double 0 0,First,#,counties_l48_laea,counties_l48_laea.Shape_Leng,-1,-1;Shape_Area "Shape_Area" true true false 19 Double 0 0,First,#,counties_l48_laea,counties_l48_laea.Shape_Area,-1,-1;OBJECTID_1 "OBJECTID" false true false 4 Long 0 9,First,#,counties_l48_laea,ZonalSt_shp4.OBJECTID,-1,-1;GEOID_1 "GEOID" true true false 5 Text 0 0,First,#,counties_l48_laea,ZonalSt_shp4.GEOID,0,5;ZONE_CODE "ZONE_CODE" true true false 4 Long 0 0,First,#,counties_l48_laea,ZonalSt_shp4.ZONE_CODE,-1,-1;COUNT "COUNT" true true false 4 Long 0 0,First,#,counties_l48_laea,ZonalSt_shp4.COUNT,-1,-1;AREA "AREA" true true false 8 Double 0 0,First,#,counties_l48_laea,ZonalSt_shp4.AREA,-1,-1;MEAN "MEAN" true true false 8 Double 0 0,First,#,counties_l48_laea,ZonalSt_shp4.MEAN,-1,-1;STD "STD" true true false 8 Double 0 0,First,#,counties_l48_laea,ZonalSt_shp4.STD,-1,-1;MEAN_scale "MEAN_scaled" true true false 8 Double 0 0,First,#,counties_l48_laea,ZonalSt_shp4.MEAN_scaled,-1,-1;STD_scaled "STD_scaled" true true false 8 Double 0 0,First,#,counties_l48_laea,ZonalSt_shp4.STD_scaled,-1,-1" #</Process></lineage></DataProperties></Esri></metadata>
