<?xml version="1.0" encoding="UTF-8"?>
<metadata xml:lang="en"><Esri><CreaDate>20201210</CreaDate><CreaTime>13170500</CreaTime><ArcGISFormat>1.0</ArcGISFormat><SyncOnce>TRUE</SyncOnce><DataProperties><lineage><Process ToolSource="c:\program files\arcgis\pro\Resources\ArcToolbox\toolboxes\Conversion Tools.tbx\FeatureClassToFeatureClass" Date="20201210" Time="131608">FeatureClassToFeatureClass counties_contiguous_elev C:\Users\caraw\Documents\SSPHC\R_Projects\ssphc\data\modularized_app\data counties_slope.shp # "STATEFP "STATEFP" true true false 2 Text 0 0,First,#,counties_contiguous_elev,counties_contiguous_elev.STATEFP,0,2;COUNTYFP "COUNTYFP" true true false 3 Text 0 0,First,#,counties_contiguous_elev,counties_contiguous_elev.COUNTYFP,0,3;COUNTYNS "COUNTYNS" true true false 8 Text 0 0,First,#,counties_contiguous_elev,counties_contiguous_elev.COUNTYNS,0,8;AFFGEOID "AFFGEOID" true true false 14 Text 0 0,First,#,counties_contiguous_elev,counties_contiguous_elev.AFFGEOID,0,14;GEOID "GEOID" true true false 5 Text 0 0,First,#,counties_contiguous_elev,counties_contiguous_elev.GEOID,0,5;NAME "NAME" true true false 100 Text 0 0,First,#,counties_contiguous_elev,counties_contiguous_elev.NAME,0,100;LSAD "LSAD" true true false 2 Text 0 0,First,#,counties_contiguous_elev,counties_contiguous_elev.LSAD,0,2;ALAND "ALAND" true true false 14 Double 0 14,First,#,counties_contiguous_elev,counties_contiguous_elev.ALAND,-1,-1;AWATER "AWATER" true true false 14 Double 0 14,First,#,counties_contiguous_elev,counties_contiguous_elev.AWATER,-1,-1;OBJECTID "OBJECTID" false true false 4 Long 0 9,First,#,counties_contiguous_elev,ZonalSt_shp3.OBJECTID,-1,-1;GEOID_1 "GEOID" true true false 5 Text 0 0,First,#,counties_contiguous_elev,ZonalSt_shp3.GEOID,0,5;ZONE_CODE "ZONE_CODE" true true false 4 Long 0 0,First,#,counties_contiguous_elev,ZonalSt_shp3.ZONE_CODE,-1,-1;COUNT "COUNT" true true false 4 Long 0 0,First,#,counties_contiguous_elev,ZonalSt_shp3.COUNT,-1,-1;AREA "AREA" true true false 8 Double 0 0,First,#,counties_contiguous_elev,ZonalSt_shp3.AREA,-1,-1;MEAN "MEAN" true true false 8 Double 0 0,First,#,counties_contiguous_elev,ZonalSt_shp3.MEAN,-1,-1;STD "STD" true true false 8 Double 0 0,First,#,counties_contiguous_elev,ZonalSt_shp3.STD,-1,-1" #</Process></lineage></DataProperties></Esri></metadata>
