<?xml version="1.0" encoding="UTF-8"?>
<metadata xml:lang="en"><Esri><CreaDate>20201205</CreaDate><CreaTime>10433300</CreaTime><ArcGISFormat>1.0</ArcGISFormat><SyncOnce>TRUE</SyncOnce><DataProperties><lineage><Process ToolSource="c:\program files\arcgis\pro\Resources\ArcToolbox\toolboxes\Conversion Tools.tbx\FeatureClassToFeatureClass" Date="20201130" Time="154512">FeatureClassToFeatureClass counties_contiguous_elev C:\Users\caraw\Documents\SSPHC\R_Projects\ssphc\data\modularized_app\data counties_elev.shp # "STATEFP "STATEFP" true true false 2 Text 0 0,First,#,counties_contiguous_elev,counties_contiguous_elev.STATEFP,0,2;COUNTYFP "COUNTYFP" true true false 3 Text 0 0,First,#,counties_contiguous_elev,counties_contiguous_elev.COUNTYFP,0,3;COUNTYNS "COUNTYNS" true true false 8 Text 0 0,First,#,counties_contiguous_elev,counties_contiguous_elev.COUNTYNS,0,8;AFFGEOID "AFFGEOID" true true false 14 Text 0 0,First,#,counties_contiguous_elev,counties_contiguous_elev.AFFGEOID,0,14;GEOID "GEOID" true true false 5 Text 0 0,First,#,counties_contiguous_elev,counties_contiguous_elev.GEOID,0,5;NAME "NAME" true true false 100 Text 0 0,First,#,counties_contiguous_elev,counties_contiguous_elev.NAME,0,100;LSAD "LSAD" true true false 2 Text 0 0,First,#,counties_contiguous_elev,counties_contiguous_elev.LSAD,0,2;ALAND "ALAND" true true false 14 Double 0 14,First,#,counties_contiguous_elev,counties_contiguous_elev.ALAND,-1,-1;AWATER "AWATER" true true false 14 Double 0 14,First,#,counties_contiguous_elev,counties_contiguous_elev.AWATER,-1,-1;OBJECTID "OBJECTID" false true false 4 Long 0 9,First,#,counties_contiguous_elev,ZonalSt_shp2.OBJECTID,-1,-1;GEOID_1 "GEOID" true true false 5 Text 0 0,First,#,counties_contiguous_elev,ZonalSt_shp2.GEOID,0,5;ZONE_CODE "ZONE_CODE" true true false 4 Long 0 0,First,#,counties_contiguous_elev,ZonalSt_shp2.ZONE_CODE,-1,-1;COUNT "COUNT" true true false 4 Long 0 0,First,#,counties_contiguous_elev,ZonalSt_shp2.COUNT,-1,-1;AREA "AREA" true true false 8 Double 0 0,First,#,counties_contiguous_elev,ZonalSt_shp2.AREA,-1,-1;MEAN "MEAN" true true false 8 Double 0 0,First,#,counties_contiguous_elev,ZonalSt_shp2.MEAN,-1,-1" #</Process><Process ToolSource="c:\program files\arcgis\pro\Resources\ArcToolbox\toolboxes\Data Management Tools.tbx\UpdateSchema" Date="20201130" Time="154702">UpdateSchema "CIMDATA=&lt;CIMStandardDataConnection xsi:type='typens:CIMStandardDataConnection' xmlns:xsi='http://www.w3.org/2001/XMLSchema-instance' xmlns:xs='http://www.w3.org/2001/XMLSchema' xmlns:typens='http://www.esri.com/schemas/ArcGIS/2.4.0'&gt;&lt;WorkspaceConnectionString&gt;DATABASE=C:\Users\caraw\Documents\SSPHC\R_Projects\ssphc\data\modularized_app\data&lt;/WorkspaceConnectionString&gt;&lt;WorkspaceFactory&gt;Shapefile&lt;/WorkspaceFactory&gt;&lt;Dataset&gt;counties_elev&lt;/Dataset&gt;&lt;DatasetType&gt;esriDTFeatureClass&lt;/DatasetType&gt;&lt;/CIMStandardDataConnection&gt;" &lt;operationSequence&gt;&lt;workflow&gt;&lt;AddField&gt;&lt;field_name&gt;MEAN_ft&lt;/field_name&gt;&lt;field_type&gt;DOUBLE&lt;/field_type&gt;&lt;field_is_nullable&gt;False&lt;/field_is_nullable&gt;&lt;field_is_required&gt;False&lt;/field_is_required&gt;&lt;/AddField&gt;&lt;/workflow&gt;&lt;/operationSequence&gt;</Process><Process ToolSource="c:\program files\arcgis\pro\Resources\ArcToolbox\toolboxes\Data Management Tools.tbx\CalculateField" Date="20201130" Time="154742">CalculateField counties_elev MEAN_ft "!MEAN! * 3.28084" "Python 3" #</Process></lineage></DataProperties></Esri></metadata>
